raining|rain
kids singing at a graduation ceremony|kids singing at their graduation ceremony
marching in parade|marching parade
gown|gowns
`birthday party|birthday party
hand shaking|shaking hands
straws|straw
woods|wood
chair|chairs
parade dance off|dancing parade
lighting candles|lighting candle
band marches by|marching band
caps and gowns|cap and gown
white hat|white hats
restaurants|restaurant
flash|flashing
dog toy|toy dog
sparkling|sparkle
suits|suit
presents|presentation
birthday hat|birthday hats
bicycles|bicycle
bike|bikes
girl playing a guitar|girl playing guitar
present|presentation
dressing|dress
smile|smiling
sing|singing
veterans|veteran
fire trucks in a parade|fire truck in parade
little boy on stage speaking foreign language|little boy on stage speaking in foreign language
costume|costumes
wave|waving
puzzles|puzzle
motorcar|motorcars
wishes|wish
fan|fans
dancing on street|street dancing
crowds cheering|crowd cheering
kid singing|kids singing
drinking|drinks
lumier|lumiere
mom and kids|kid and her mom
cooks|cooking
prize|prizes
people cheering|people cheer
walking across the stage|walking across stage
knight|knights
flag dancing|flag dance
micky mouse|mickie mouse
guitars|guitar
kid sings happy birthday|kids singing happy birthday
young girl being celebrated|young girl celebrating
snails|snail
white caps/gown|white cap and gown
senior citizens|senior citizen
fire engines parade|fire engine parade
leaders|leader
glasss|glassses
hat throw|throwing hats
streets|street
sign|signs
jump|jumping
kid running|kid runs
pass|passing
run|running
truck in parade|truck parade
childs|child
rope|ropes
cupcakes|cupcake
darkness|dark
birthday present|birthday presents
waving flags|flag waving
toddlers|toddler
lights and parade|light up parade
uniform|uniforms
referees|referee
candle on cake|candles on cake
nurse|nurses
racing|race
flags waving|flag waving
cutting the cake|cutting cake
dwarf|dwarfs
my birthday|birthday
lei|leis
walking to the stage|walking to stage
dancing at a bar|dancing in bar
cap and gowns|cap and gown
school kids graduation|kids school graduation
groups|group
active|activity
wave flags|flag waving
birthday cakes|birthday cake
hoops|hoop
tractors|tractor
speeches|speech
golf buggy|golf buggies
flames|flame
waiting for parade|waiting for a parade
light parade|light up parade
kids sing happy birthday|kids singing happy birthday
soldier|soldiers
graduation for kids|kids graduation
cake cutting|cutting cake
disney character|disney characters
hand shake|shaking hands
exited|exit
children graduates|childrens graduation
ambulances|ambulance
lights flashing|flashing lights
color|colorful
turning|turn
cars in a parade|car parade
woman making speech|woman makes a speech
lights up|lights
weird family|very weird family
girl talking|girls talking
throwing basketball|throwing a basketball
lit candles|lit candle
recital kids|kids recital
crying girl|girl crying
whistle|whistling
plays music|music playing
sports|sport
4th of july|4th july
presenting certificates|certificate presentation
a graduation ceremony|graduation ceremony
vehicle|vehicles
a girl|girl
waving to crowd|waving at crowd
females|female
speech at graduation ceremony|graduation ceremony speech
musician|musicians
award|awards
walking up ramp|walking up the ramp
glass|glasses
flag|flags
adult|adults
blowing out a candle|blowing out candles
kids playing basketball|kids play basketball
street processions|street procession
mascot|mascots
graduate ceremony|graduation ceremony
logos|logo
balls|ball
animals|animal
graduation pictures|graduation picture
announcing|announcement
white gowns|white gown
car|cars
ride|riding
cap|caps
little boys|little boy
whites|white
wands|wand
graduates walking|graduation walk
dance parade|dancing parade
can|??
entertainer|entertainment
music street parade|musical street parade
male|males
standing at attention|standing in attention
rollerskates|rollerskating
a holiday parade|holiday parade
bikers rally|biker rally
picture|pictures
handing out|hand
night time street parade|night-time street parade
candle with cake|candles on cake
promotional|promotion
a graduation ceremony of senior students|graduation ceremony of senior students
kids playing games|kids playing a game
on stage|stage
cows|cow
babies playing|baby playing
drinking a drink|drinks
asians|asian
disneys holiday parade|disney holiday parade
siren|sirens
children singing happy  birthday|children singing happy birthday
its a festival|festival
graduates names|graduate names
boxing|box
sidewalks|sidewalk
five a side|five-a-side
walking dogs|dogs walking
glowing|glow
drummer|drummers
hugs|hugging
boats|boat
kids playing|kid playing
children graduation|childrens graduation
plant|plants
bags|bag
lined up|line
lighting|lights
waves|waving
instrumental music|musical instruments
guys|guy
walking up a stage|walking to stage
visitors|visitor
parade cars|car parade
after graduation picture|graduation picture
little kid singing happy birthday|little kids singing happy birthday
crowded|crowd
light|lights
graduatation ceremony|graduation ceremony
sit|sitting
lines|line
hula skirt|hula skirts
perform|performance
graduation high school|high school graduation
talk|talking
illuminations|illumination
chuck e cheeses|chuck e cheese
tubas|tuba
boys singing|boy singing
mom & kid|kid and her mom
playful|playing
taking pictures|picture taking
motorcycle|motorcycles
horns|horn
all smiles|smiling
parade of lights|light up parade
fanning|fans
lighting display|light display
backpack|backpacks
ships|ship
parade`|parade
street dance|street dancing
some kids are dancing|kids dancing
coaching|coach
cake with candle|candles on cake
girls and boys|girl and boy
family singing happy birthday|family sing happy birthday
birthday celebrations|birthday celebration
crowds|crowd
maybe a birthday occasion|birthday occasion maybe
walking in|walking
reindeers|reindeer
graduation of senior students|senior students graduating
kiss|kisses
holding banner|they hold a banner
car driving|cars driving
rotation|rotating
the seven dwarfs|seven dwarfs
kids graduating|kids graduation
senior students at their graduation|senior students graduating
santa hat|santa hats
shop|shopping
birthday occasion.|birthday occasion
sailor|sailors
lighting of candles|lighting candle
each|??
a nighttime electrical parade|nighttime electrical parade
graduation ceremony for kids|kids graduation ceremony
lantern|lanterns
birthday balloon|birthday balloons
pirates|pirate
tents|tent
marching bands|marching band
bowls|bowling
celebrating|celebration
sing happy birthday song|singing happy birthday song
graduation procession|graduate procession
soccer balls|soccer ball
crowd watching parade|crowds watching parade
megaphones|megaphone
mortarboard|mortarboards
flutes|flute
performe|performance
singing song|singing a song
flower|flowers
container|containers
cake candles|candles on cake
dribble.|dribbling
cameras|camera
mortar board and gowns|mortar boards and gowns
students celebrate graduation|students celebrating graduation
people clap|people clapping
graduation ceremony awards|graduation award ceremony
open presents|opening presents
street parade with dancing|street dancing parade
birthday cupcakes|birthday cupcake
umbrella|umbrellas
monster|monsters
passes|passing
young students graduate|graduation of young students
kids graduating in a ceremony|kids graduation ceremony
balloon|balloons
and laughing|laughing
houses|house
pumpkins|pumpkin
cookie|cookies
unifrom|unifroms
training|train
teachers|teacher
fire trucks|fire truck
hands waving|waving hand
butterflies|butterfly
sing happy birthday|singing happy birthday
firetrucks|firetruck
lighted float|lighted floats
kid opening a gift|kid opening gift
happy birthday singing|singing happy birthday
happy birthday song singing|singing happy birthday song
student|students
fences|fence
birthday cake candles|candles on birthday cake
dancing baby|baby dancing
nursing graduation|nurses graduating
placards|placard
puppet|puppets
students singing at their graduation|students sing at graduation
carry|carrying
camera flashing|cameras flashing
cups|cup
open|opening
birthday boy|boys birthday
grads|grad
white caps and gowns|white cap and gown
horse|horses
toy|toys
cutting a cake|cutting cake
bears|bear
girls|girl
post-commencement|post commencement
boating|boat
opening present|opening presents
phones|phone
legs|leg up
dogs|dog
friend|friends
hug|hugging
poms|pom poms
cushions|cushion
kicking ball to each other|kicking ball
cheerleading|cheerleaders
parade of balloons|parade balloon
military are lined up to parade|military line up to parade
soft toy|soft toys
graduation announcement|graduate announcements
blowing out candle|blowing out candles
float with lights|lighted floats
photograph|photographer
golf cart|golf carts
majorette|majorettes
performers|performance
small kids play soccer|small kids playing soccer
tree|trees
seated|seats
bride|brides
acrobats|acrobatics
cymbals|cymbal
fruits|fruit
cards|card
flashes|flashing
having fun|fun
parade lights night|night lights parade
its birthday party|birthday party
mices|mice
lights show|light show
graduation ?|graduation
greetings card|greeting card
white uniforms|white uniform
mountain|mountains
lit up candles|lit candle
girls eat cake|girl eating cake
people singing happy birthday|people sing happy birthday
officers|office
dwarve|dwarves
nurse graduation|nurses graduating
opening birthday card|opening a birthday card
animation|animal
singing happy birthday to little girl|little girl singing happy birthday
doors|door
camera flash|cameras flashing
rides|riding
handshaking|handshake
reciting|recital
circles|circle
graduating|graduation
play|playing
the group sings happy birthday|group singing "happy birthday"
balloon popped|popping a balloon
little girl smiling|smiling little girl
kids parade|kids on parade
prisoners playing sports|prisoners playing sport
birthday cake candles lit|birthday cake with lit candle
letter|letters
services|service
stands|standing
birthday blowing out candles on a cake|blowing out candle on birthday cake
candles lit|lit candle
blowing out|blowing
blow out candles|blowing out candles
blowing out of the candles|blowing out candles
its christmas|christmas
windows|window
awards ceremony|award ceremony
professor|professors
camp|camping
graduation singing|singing at graduation
senior students graduation ceremony|graduation ceremony of senior students
face|faces
a marching band parades|a marching band in a parade
senior students at graduation ceremony|graduation ceremony of senior students
entertaining|entertainment
light up candle on birthday cake|lighting candles on birthday cake
parade of motorcycles|motorcycle parade
sports jersey|sports jerseys
no event|event
celebrating a birthday|birthday celebration
singing "happy birthday"|singing happy birthday
feeding a baby|feeding baby
students graduation celebration|students celebrating graduation
podiums|podium
parade people watching|people watching parade
crowds watching|crowd watching
indoor|indoors
celebrities|celebration
opening birthday present|opening birthday presents
colors|colorful
light up float|lighted floats
celebrating birthday|birthday celebration
candle lit|lit candle
students graduate|students graduating
ball playing|playing ball
capes|cape
line up|line
sitting on the floor|sitting on floor
scooter|scooters
they sing happy  birthday|singing happy birthday
police officer|police officers
woman speaks|woman speaking
kid opening presents|kid opening a present
audlt|audlts
blowing out birthday candle|blowwing out birthday candles
a baby|baby
robe|robes
people sing|people singing
photographs|photographer
plate|plates
parade dancing|dancing parade
kindergarten  graduation|kindergarten graduation
opening a present|opening presents
railings|railing
watch|watching
dark skies|dark sky
dance group|group dancing
parent helping her|parent helping him
certificates|certificate
chilean flags|chilean flag
blow out candle|blowing out candles
baby blowing out candles on birthday cake|baby blows out birthday candles on cake
celebrate|celebration
strollers|stroller
trucks|truck
hula hoop|hula hoops
party!|party
parade at night|night parade
dancing group|group dancing
waiters singing|singing waiter
kilts|kilt
teams|team
birthday cards|birthday card
parade march|marching parade
girls singing|girl singing
clowns|clown
cartoons|cartoon
students graduation|students graduating
cake and candle|candles on cake
greetings|greeting
microphones|microphone
baby blows out the candles|baby blowing out candle
kids  graduation|kids graduation
parade of firetrucks|firetruck parade
baby playing balloon|baby playing with balloons
street performance|street performers
blue and red|red and blue
seat|seats
party hats|party hat
baby plays with toy|baby playing with toys
discussions|discussion
close|close-up
when you wish|wish
light up|lights
dancing in the street|street dancing
young students at their graduation|graduation of young students
score|scores
kids sing|kids singing
opening card|opening cards
school gym|gym of school
apples|apple
walking up stage|walking to stage
kids on bus|kids on a bus
parent|parents
open card|opening cards
standing up|standing
pets|pet
street parade dance|street dancing parade
girls on camera|girl with camera
sirene|sirens
popping balloon|popping a balloon
singers|singer
candle cake|candles on cake
people sat on sofa|people sat down on sofa
shoe|shoes
floats|float
kids kick ball|kids kicking a ball
drum|drums
girl opening present|girl opening presents
candle lighting|lighting candle
motorcycles in parade|motorcycle parade
tracks|track
presentations|presentation
s|??
games|game
lunches|lunch
taking photos|photo taking
graduation performance|graduation performence
blows out candle|blowing out candles
playing instrument|playing instruments
playing trumpets|playing trumpet
costume dresses|costume dressing
graduates walking on stage|graduates walking up on the stage
walk|walking
standing`|standing
dances|dancing
dancer|dancers
kids eating|kid eating
parade dance|dancing parade
laugh|laughing
baby singing happy birthday|baby singings happy birthday
whispering|whispers
blows candle out|blowing out candles
speak|speaking
a speech|speech
danceing|dancing
dance and music|music and dance
motorbike|motorbikes
music band performing|band music performance
platform|platforms
stretch|stretching
people watching the parade|people watching parade
children graduate|childrens graduation
its a birthday party|birthday party
white caps/gowns|white cap and gown
it is a graduation|graduation
curtain|curtains
teenager|teenagers
golfcart|golfcarts
holding baby|holding the baby
families|family
parade float|parade floats
singing choir|choir singing
a birthday party|birthday party
twirling flags|flag twirling
kids in a play|kid playing
laptops|laptop
night lights float parade people|lights float night parade people
small cars|small car
american flags|american flag
toasting|toast
bounce|bouncing
kid open gifts|kid opening gift
swans|swan
babies birthday|baby birthday
graduation ceremony and kids singing|kids singing at their graduation ceremony
turtles|turtle
walking people|people walking
kids play soccer|kids playing soccer
light candle|lighting candle
waving arms|arm waving
baby celebrating birthday|birthday celebration for a baby
lights on display|light display
chant|chanting
shops|shopping
animated|animal
spotlight|spotlights
a birthday occasion|birthday occasion
childs birthday|child birthday
congratulation|congratulating
marching band parade|a marching band in a parade
he shakes hands|shaking hands
people watching on sidewalk|people on sidewalk watching
walking the dog|dogs walking
ducks|duck
students singing at graduation|students sing at graduation
old fashioned clothes|old fashioned clothing
claps|clapping
leaving|leaves
birthday cake with lit candles|birthday cake with lit candle
helmet|helmets
parading|parade
family celebrating|family celebration
woman makes speech|woman makes a speech
flashes from cameras|cameras flashing
racing cars|car race
guitar playing|playing guitar
chants|chanting
bows|bow
babies|baby
young students graduating|graduation of young students
wires|wire
booths|booth
singing boy|boy singing
line-up|line
mortar board and gown|mortar boards and gowns
people do a dance|people dancing
drink|drinks
speakers|speaker
holidays|holiday
cheers|cheering
photographers|photographer
graduations|graduation
opening gift|opening gifts
advertisement|advertising
baby talk|baby talks
highchairs|highchair
singing happy birthday to a baby|baby singings happy birthday
kid|kids
kid talks|kid talking
tassel|tassels
dress up|dress
singing happy birthday family|family sing happy birthday
programs|program
little kids graduate|little kids graduation
light up floats|lighted floats
blowing cake|blowing out cake
a parade with a band|band parade
cutting a birthday cake|cutting birthday cake
waving to the crowd|waving at crowd
dog birthday|dogs birthday
cheer|cheering
lanterns float|floating lanterns
jersey|jerseys
spectator|spectators
people sing happy birthday.|people sing happy birthday
kids singing at a graduation ceremony.|kids singing at their graduation ceremony
paneling|panel
boys and girls|girl and boy
outdoor|outdoors
athletic|athletes
photo|photos
rotated|rotating
cakes|cake
a marching band parade.|a marching band in a parade
birthday celebrant|birthday celebration
sitting in a circle|sitting in circle
playing musical instruments|musical instrument playing
happiness|happy
blow|blowing
tables|table
cut|cutting
night time parade|night-time parade
parad|parade
crowds cheer|crowd cheering
floats in parade|parade floats
adult helping from the side|adult helping him from the side
character|characters
exercising|exercise
instrument|instruments
black cap/gown|black caps/gowns
kites|kite
dance|dancing
hat|hats
kick|kicking
march|marching
singing  happy birthday|singing happy birthday
holding globe|holding a globe
fairies|fairy
bunch of kids|a bunch of kids
baby talking|baby talks
dancing show|dance show
boxes|box
dancing snowmen|snowmen dancing
playing on the beach|playing on beach
cake candle|candles on cake
playing music|music playing
hat throwing|throwing hats
opening it|opening
performing|performance
pole|poles
police car|police cars
graduation announcements|graduate announcements
little girls|little girl
festivities|festival
footballs|football
big trucks|big truck
band marching|marching band
after graduation|graduation
birthday candle|birthday candles
celebration for birthday|birthday celebration
seating|seats
senior students graduate|senior students graduating
partying|party
ballon|ballons
camera flashes|cameras flashing
music is playing|music playing
present opening|opening presents
crows|crowed
crowd waving|waving at crowd
tries again|she tries again
light candles|lighting candle
trombone|trombones
candle|candles
dressed up|dress
transport|transportation
electric|electrical
congratulate|congratulating
cap/gown|cap and gown
people performing on floats|people performing on the floats
young boys|young boy
carts|cart
bag pipe|bag pipes
candal|candals
children play|children playing
buggies|buggy
drums playing|playing drums
forks|fork
children sat own|children sat down
young students at their graduation ceremony|graduation ceremony of young students
be our guest|guests
a girl opens presents|girl opening presents
cake with lit candles|candle lit cake
pose|posing
graduates|graduation
crossing|cross
pom-poms|pom poms
lamps|lamp
people singing happy birthday.|people sing happy birthday
fire engines|fire engine
bowing|bow
mortar board|mortar boards
throw|throwing
college graduates|college graduation
sister|sisters
drumming|drums
filipino|filipinos
musical band|music band
family birthday celebration|celebration birthday family
kick about|kicking
clap|clapping
fire truck parade|fire truck in parade
night time disney parade|disney night time parade
child opening present|child opening presents
they cut the cake|cutting cake
ladies|lady
celebrations|celebration
childrens|children
a military parade|military parade
blowing birthday candle|blowwing out birthday candles
disneys boo to you parade|disneys boo to you parade!!!!
signing|signs
children graduating|childrens graduation
skunks|skunk
kid graduating|kids graduation
exercises|exercise
parade music|music parade
coaches|coach
shoots|shooting
diplomas|diploma
a play|playing
bagpipe|bagpipes
end of graduatation|end of graduation
a car decorated|decorated cars
candles on cake are lit|candle lit cake
shoot basket|shooting baskets
ladies wave|lady waving
decorated floats|decorated float
blow out|blowing
saris|sari
illuminated|illumination
unwrap|unwrapping
marching in street|street march
santas|santa
graduation for young students|graduation of young students
baby eats cake|baby eating cake
boys|boy
holding a banner|they hold a banner
horse parade|parade of horses
kids play|kid playing
birthday party for a little boy|little boys birthday party
eat|eating
ceremonies|ceremony
honking horn|horn honking
congratulations|congratulating
birthday cake lit|lit birthday cake
colourful lights|coloured lights
silliness|silly
christmas hat|christmas hats
birthday wish|birthday wishes
tambourines|tambourine
protesting|protest
birthday cake with candle|candles on birthday cake
sing to a baby happy birthday|baby singings happy birthday
speech at graduation|graduation speech
excitement|excited
blowing out the candle|blowing out candles
netting|net
acting|act
emergency service parade|emergency services parade
monster inc|monsters inc
students singing at a graduation ceremony|graduation ceremony where students are singing
kids costumes|kids in costume
surprise birthday|birthday surprise
pig|pigs
speech & graduation|graduation speech
someone moving a chairs|someone moving a chair
balloon pop|popping a balloon
blowing out candles on birthday cake|blowing out candle on birthday cake
amusment park|amusement park
birthday party!|birthday party
blowing candle|blowing out candles
golf carts parade|golf cart parade
bridgeport university|university of bridgeport
kids talking|kid talking
crowns|crown
graduate|graduation
book|books
papers|paper
announcements|announcement
bulling|bulls
blowing candles|blowing out candles
dresses|dress
reflections|reflection
motorcyclists|motorcyclist
smiles|smiling
cake with candles|candles on cake
brothers|brother
group performing|group performance
lady makes a speech at her graduation|lady makes a graduation speech
costumes parade|costume parade
gifts|gift
happy birthday celebration|happy birthday celebration!
walking on stage|walking to stage
preform|preformance
christmas light|christmas lights
sticks|stick
posters|poster
decorated|decorations
shake hands|shaking hands
birthday spanking|birthday spankings
celebrating with family|family celebration
building|buildings
baloons|baloon
groups singing|group singing
man claps|man clapping
mask|masks
lighting candle on birthday cake|lighting candles on birthday cake
jacket|jackets
graduation of students|students graduating
taking picture|picture taking
presenting|presentation
banners|banner
strings|string
