school kids|school children
leads|chiefs
railing|train
children running|kid runs
marching|parade
tv|photos
father|mother
teaching|show
large truck|big truck
applauding|clapping
icing|frosting
dessert|sweets
fall|autumn
chocolate cake|chocolate bar
dim|slow
harbor|screen
swirling|twirling
guy|cat
video|photos
booth|stall
blinking lights|flashing lights
ribbon|decorations
blue|night
paintings|photos
giving|throwing
sun|sunshine
pipes|flashing
children playing|baby playing
twins|couple
carpet|rug
gift unwrapping|unwrapping presents
crouch|bow
degree|stage
wrapping|wind
dorm|hall
path|playing
arena|field
passengers|riders
great|big
daughter|girl
small children|small baby
group play|running groups
smoke|grass
motor cycles|motorcycles driving
honor|respect
pitch|sky
caravan|van
dwarves|dwarfs
soft toys|piano playing
indoors|inside
graduation video|graduation picture
jackets|caps
toys|playing
illumination|lights
characters marching|character parade
military march|military parade
usa|army
strike|moving
carrying|standing
flapping|waving
tearing|rip
women|woman
pride|congratulating
ma|mom
holding bear|standing guard
work|playing
drill|exercise
posing|sitting
larking|sport
confused|throwing
parachute|jumping
pulling|rip
video taping|tv recording
xmas street parade|christmas street parade
travel|moving
machine|cars
fete|fiesta
forest|wood
interview|audience
creature|animal
map|function
blocks|embarrassed
lifting|wind
short|lighter
coat|cake
twisting|squirming
basket|hoop
infant|baby
course|playing
illuminated candle|lighting candle
shake|excited
1st birthday|first birthday
boy talking|boy singing
kids clapping|children clapping
motor bikes|motorcycles driving
mommy|mom
good|healthy
practice|exercise
caterpillar|cat
courtroom|court
front|movement
viewers|spectators
instructions|education
light display|light show
rocks|excited
barrels|drums
concord|holding
house|family
globe|ball
gymnasium|gym
gradation|stairs
looking|faces
sparkle|lights
lecture|speech
salute|drinks
kid talking|children singing
bulls|pigs
birthday gifts|birthday presents
director|conductor
shelves|table
route|road
headphones|phone
turn|playing
band parade|marching band
motorbikes|motorcycles
man speaking|man talking
commencement speech|graduation speech
crib|cot
hook|robes
spinning|twirling
children eating cake|child eating cake
blank|white
ring|hoop
uniformss|uniforms
graduation parade|graduation march
little|lighter
top|chiefs
pots|skunk
speaking|talking
ceiling|caps
feeding baby|baby eating
drapes|curtains
park|green
part|function
rifle|bar
grace|blessings
stocking|standing
glassses|glasses
youth|young
silly|goofy
outdoors|outside
knights|horses
counter|buffet
granted prize|prize giving
paddles|merry
demonstration|presentation
pupils|students
forces|driving
sleeper|wedding
theatre|family
track|playing
garlands|leis
medal|decorations
kids shouting|child crying
baby open gifts|baby opening presents
nighttime|night
thanksgiving|blessings
child waving|children waving
queen|fairy
spanking|merry
childs birthday party|kids birthday party
black robe|black gowns
corner|trees
toast|drinks
snack|flame
tyke|children
black|night
riding|driving
giants|monsters
jazz|bed
stripes|bar
bear|standing
preparing|cooking
small kids singing|little kids singing
photo taking|picture taking
bad|big
children talking|child singing
art|artwork
fair|carnival
national|plates
signs|family
see|photos
sea|ocean
racket|noise
arm|weapons
loudspeaker|speaker
children collecting certificates|child collecting certificate
camping|tent
pictures|photos
kids performing|kid playing
children shouting|child crying
routine|function
mum|mom
reading|show
shields|screen
graduation honors|graduation awards
gnomes|dwarfs
squads|team
nightfall|dusk
players|musicians
doorway|door
girl opening gifts|girl opening presents
baby singing|baby talks
wall|fence
pop|dad
cd|candles
learning|show
caring|wish
devil|demon
ropes|circle
giant balloon|whale balloon
three|3
hitting|flashing
meeting|playing
engine|locomotive
shopping|grass
fire|flame
elvis|superman
tapping|pink
child|children
brightening|lightening
sound|healthy
honking|beep
ladders|playing
dusty|cold
kid eating cake|child eating cake
hooters|horn
people talking|people singing
annoying|demon
pyjamas|pajamas
pyrotechnics|fireworks
tumbling|acrobatics
underground|secret
wheel|motorcycles
hallway|hall
walkers|pedestrians
beast|animal
running|playing
sisters|baby
collar|3
cycle|motorcycles
theater|field
center|eyes
acknowledgement|recognition
childs graduation|kids graduation
broken glasses|wearing glasses
hearts|eyes
foyer|hall
men talking|man talking
actions|activity
human|man
child playing|kid playing
soldiers marching|soldier parade
children eating|kid eating
shoot hoops|shooting baskets
children walking|kids walking
shouting|cheering
crying|cheering
sport ground|play ground
plumes|robes
match|couple
instructors|teacher
kids reading|kids recital
dark|night
barge|lighter
formal|ball
street march|street parade
sofa|couch
streamers|banner
chorus|choir
pavement|sidewalk
steps|stairs
child talking|child singing
shed|throwing
stern|seats
crown|caps
elderly|senior
platforms|program
daylight|day
home|plates
child walking|kids walking
daytime|day
filming|flashing
rewarding|respect
exit|passing
motorbike parade|motorcycle parade
seven dwarfs|seven dwarves
weding|wedding
blowing|float
business|line
broken|holding
scarves|scarf
post|standing
conducting|standing
placard|poster
yelling|screaming
package|parcel
act|playing
tongue|knife
burning|flame
motorcars|cars
puzzle|sitting
son|boy
narration|recital
stumble|flashing
batons|wand
triplets|3
opening gifts|opening presents
head|chiefs
bus|coach
bite|flame
diaper|napkins
mice|mouse
carriage|stroller
leashes|3
lays|sitting
suitcase|bag
strands|string
alumni|grad
circus|carnival
single|1
chat|visiting
rally|driving
shooting|flashing
check|holding
third birthday|3rd birthday
contest|competition
tossing|sky
tie|wedding
sully|cloud
rehearsing|exercise
palms|decorations
models|sitting
motorcycle convoy|motorbike convoy
welcome|receiving
whistling|singing
athletics ground|play ground
applause|clapping
outing|picnic
mass|mountains
embracing|hugging
commencement|graduation
prizes|trophy
